Term,Result,True Error,Approximate Error
1,1.0,0.0,
2,1.5,9.02040104310499,33.33333333333333
3,1.625,13.020017865664082,7.6923076923076925
4,1.6458333330000001,13.721218884158445,1.2658227648133384
5,1.6484375,13.80944890926998,0.15797790331752823
6,1.648697917,13.818278798874234,0.01579531321746753
